sessionNumber	sessionsStartTime
1	737341.914976852
2	737434.916967593
3	737462.910381945
4	737481.936990741
