sessionNumber	sessionsStartTime
1	737390.926875
2	737397.942233796
3	737434.900428241
4	737445.926226852
