sessionNumber	sessionsStartTime
1	737439.946145833
2	737469.963449074
3	737497.957118056
4	737551.960289352
