sessionNumber	sessionsStartTime
1	737429.949444445
2	737439.943703704
3	737455.908703704
4	737485.973958333
