onset	duration	trial_type	writtenTime	pressedTrigger
0	0	Start of recording	22.54	True
659.999990835786	0	Sync	23.05	True
1319.99999172986	0	Electrodetest	23.16	True
1559.99999754131	0	Went to bed	23.20	True
1559.99999754131	0	Lights Out	23.20	True
30059.9999986589	0	Got up	7.15	True
