sessionNumber	sessionsStartTime
1	737481.91462963
2	737512.910555556
3	737519.927534722
4	737559.967118056
5	737944.954166667
6	737945.972222222
7	737946.944444444
8	737947.981944444
9	737948.963888889
10	737949.948611111
11	737952.939583333
12	737953.979166667
13	737954.994444444
14	737956.029166667
15	737957.950694444
16	737960.995833333
