sessionNumber	sessionsStartTime
1	737272.961956018
2	737279.968611111
3	737286.94
4	737293.93900463
