onset	duration	trial_type	writtenTime	pressedTrigger
0	0	Start of recording	22.49	True
1320.00000178814	0	Sync	23.11	True
1559.99999754131	0	Electrodetest	23.15	True
2039.99999910593	0	Went to bed	23.23	True
2279.9999948591	0	Lights Out	23.27	True
33060.0000008941	0	Got up	8.00	True
