sessionNumber	sessionsStartTime
1	737498.024699074
2	737511.03962963
3	737517.833032407
4	737538.96630787
